calories,protein,vitamins,rating
100% Bran,70.0,4.0,25.0,68.402973
100% Natural Bran,120.0,3.0,0.0,33.983678999999995
All-Bran,70.0,4.0,25.0,59.425505
All-Bran with Extra Fiber,50.0,4.0,25.0,93.704912
Almond Delight,110.0,2.0,25.0,34.384843
6,110.0,1.0,25.0,27.753301
